{"data_min": [0.0, -0.7145825624465942, 0.0, 1.0, 0.03325415775179863], "data_max": [1.0, 1.0, 1.0, 133.0, 6.151658535003662], "data_range": [1.0, 1.7145825624465942, 1.0, 132.0, 6.118404388427734], "scale": [1.0, 0.5832323431968689, 1.0, 0.007575757801532745, 0.16344130039215088], "min": [0.0, 0.4167676568031311, 0.0, -0.007575757801532745, -0.005435102619230747], "n_features_in": 5}